<?xml version="1.0" encoding="UTF-8"?>
<beans xmlns="http://www.springframework.org/schema/beans"
       xmlns:xsi="http://www.w3.org/2001/XMLSchema-instance"
       xmlns:context="http://www.springframework.org/schema/context"
       xsi:schemaLocation="http://www.springframework.org/schema/beans http://www.springframework.org/schema/beans/spring-beans.xsd http://www.springframework.org/schema/context https://www.springframework.org/schema/context/spring-context.xsd">

    <context:property-placeholder location="classpath:jdbc.properties"/>


    <bean id="dataSource" class="com.alibaba.druid.pool.DruidDataSource">
        <property name="driver" value="${jdbc.driver}"/>
        <property name="url" value="${jdbc.url}"/>
        <property name="username" value="${jdbc.username}"/>
        <property name="password" value="${jdbc.password}"/>
    </bean>



    <bean id="sessionFactory" class="org.mybatis.spring.SqlSessionFactoryBean">
<!--        <property name="configLocation" value="mybatisConfig.xml"/>-->
        <property name="typeAliasesPackage"  value="com.hu.domain"/>
        <property name="dataSource" ref="dataSource"/>
        <property name="mapperLocations" value="classpath:com/hu/mapper/*Mapper.xml"/>
    </bean>

    <context:component-scan base-package="com.hu">
        <context:exclude-filter type="annotation" expression="org.springframework.stereotype.Controller"/>
    </context:component-scan>

    <bean class="org.mybatis.spring.mapper.MapperScannerConfigurer">
        <property name="basePackage" value="com.hu.mapper"/>
    </bean>


</beans>