<?xml version="1.0" encoding="UTF-8"?>
<beans xmlns="http://www.springframework.org/schema/beans"
       xmlns:xsi="http://www.w3.org/2001/XMLSchema-instance" xmlns:mvc="http://www.springframework.org/schema/mvc"
       xmlns:context="http://mybatis.org/schema/mybatis-spring"
       xsi:schemaLocation="http://www.springframework.org/schema/beans http://www.springframework.org/schema/beans/spring-beans.xsd http://www.springframework.org/schema/mvc https://www.springframework.org/schema/mvc/spring-mvc.xsd http://mybatis.org/schema/mybatis-spring http://mybatis.org/schema/mybatis-spring.xsd">

    <context:scan base-package="com.hu.controller"/>
    <mvc:default-servlet-handler/>
    <mvc:annotation-driven/>


    <!--    文件上传解析器-->
    <bean id="multipartResolver" class="org.springframework.web.multipart.commons.CommonsMultipartResolver">
        <property name="maxUploadSize" value="5242800"/>
        <property name="maxUploadSizePerFile" value="5242800"/>
        <property name="defaultEncoding" value="UTF-8"/>
    </bean>


    <!--    拦截器-->
    <mvc:interceptors>
        <mvc:interceptor>
            <!--            拦截哪些-->
            <mvc:mapping path="/**"/>
            <mvc:exclude-mapping path="/index"/>
            <mvc:exclude-mapping path="/ff"/>
            <mvc:exclude-mapping path="/fff"/>
            <bean class="com.hu.interceptor.MyInterceptor"/>
        </mvc:interceptor>
    </mvc:interceptors>
</beans>