<?xml version="1.0" encoding="UTF-8"?>
<beans xmlns="http://www.springframework.org/schema/beans"
       xmlns:xsi="http://www.w3.org/2001/XMLSchema-instance"
       xmlns:context="http://www.springframework.org/schema/context"
       xmlns:mvc="http://www.springframework.org/schema/mvc"
       xsi:schemaLocation="http://www.springframework.org/schema/beans http://www.springframework.org/schema/beans/spring-beans.xsd
        http://www.springframework.org/schema/context https://www.springframework.org/schema/context/spring-context.xsd
        http://www.springframework.org/schema/mvc https://www.springframework.org/schema/mvc/spring-mvc.xsd">

    <context:component-scan base-package="com.hu.springmvc.controller"/>
<!--配置内部资源视图解析器-->
    <bean name="viewResolver" class="org.springframework.web.servlet.view.InternalResourceViewResolver">
        <property name="prefix" value="/jsp"></property>
        <!--视图前缀-->
        <property name="suffix" value=".jsp"></property>
        <!--视图后缀-->
    </bean>

<!--    配置处理器映射器-->
<!--    <bean class="org.springframework.web.servlet.mvc.method.annotation.RequestMappingHandlerAdapter">-->
<!--        <property name="messageConverters">-->
<!--            <list>-->
<!--                <bean class="org.springframework.http.converter.json.MappingJackson2HttpMessageConverter"/>-->
<!--            </list>-->
<!--        </property>-->
<!--    </bean>-->


<!--mvc注解驱动-->
    <mvc:annotation-driven/>

<!--    在spring mvc的各个组件种，处理器映射器、处理器适配器、视图解析器成为spring mvc的三大组件
1.<mvc:annotation-driven> Spring MVC用来提供Controller请求转发，json自动转换等功能。，默认会帮我们注册默认处理请求，参数和返回值的类。


2.默认底层会集成jackson进行对象或集合的json格式字符串的转换，且使用它时候，自动加载ReuestMappingHandlerMapping(处理映射器)
和RequestMappingHandlerAdapter(处理适配器)，

3.在spirng-xml的配置文件中使用<mvc:annotation-driven>替代注解处理器和适配器的配置
-->

<!--    资源的访问，映射路径，本地路径-->
<!--    <mvc:resources mapping="/js/**" location="/js/"/>-->


    <mvc:default-servlet-handler/>
<!--    主要是处理web项目的静态文件问题。
每次请求过来，先经过 DefaultServletHttpRequestHandler
判断是否是静态文件，如果是静态文件，则进行处理，不是则放行交由 DispatcherServlet 控制器处理。-->

<!--    文件上传解析器-->
    <bean id="multipartResolver" class="org.springframework.web.multipart.commons.CommonsMultipartResolver">
        <property name="maxUploadSize" value="5242800"/>
        <property name="maxUploadSizePerFile" value="5242800"/>
        <property name="defaultEncoding" value="UTF-8"/>
    </bean>

<!--    拦截器-->
    <mvc:interceptors>
        <mvc:interceptor>
<!--            拦截哪些-->
            <mvc:mapping path="/**"/>
            <mvc:exclude-mapping path="/index"/>
            <mvc:exclude-mapping path="/ff"/>
            <mvc:exclude-mapping path="/fff"/>
            <bean class="com.hu.springmvc.interceptorl.MyInterceptor"/>
        </mvc:interceptor>
    </mvc:interceptors>
</beans>