<?xml version="1.0" encoding="UTF-8"?>
<beans xmlns="http://www.springframework.org/schema/beans"
       xmlns:xsi="http://www.w3.org/2001/XMLSchema-instance"
       xmlns:context="http://www.springframework.org/schema/context"
       xmlns:aop="http://www.springframework.org/schema/aop"
       xsi:schemaLocation="http://www.springframework.org/schema/beans http://www.springframework.org/schema/beans/spring-beans.xsd
        http://www.springframework.org/schema/context https://www.springframework.org/schema/context/spring-context.xsd
        http://www.springframework.org/schema/aop  https://www.springframework.org/schema/aop/spring-aop.xsd">



<!--获取bean的方法 1，构造器获取-->
    <bean id="Userdao" class="com.hu.Spring.Dao.impl.UserDaoImpl"></bean>

<!--2 静态工厂获取-->
    <bean id="UserdaoBystatic" class="com.hu.Spring.Factory.UserDaoStaticFactory" factory-method="getUserDao"></bean>
<!--2 实例工厂-->
    <bean id="UserDaoInstancefactory" class="com.hu.Spring.Factory.UserdaoInstanceFactory"></bean>
    <bean id="UserDaoByInstance" factory-bean="UserDaoInstancefactory"  factory-method="getUserDao"></bean>


<!--    依赖注入  set注入-->
    <bean id="userControl" class="com.hu.Spring.Controller.UserControl">
        <property name="name" value="L"></property>
         <property name="userDao" ref="Userdao">
         </property>
    </bean>

<!--    构造注入 集合类型属性赋值-->
    <bean id="user" class="com.hu.Spring.domain.User">
<!--        <property name="name" value="hu"></property>-->
          <constructor-arg name="name" >
              <list >
                  <value type="java.lang.String" >hu</value>
                  <value type="java.lang.String" >hi</value>
                  <value type="java.lang.String" >hoo</value>
              </list>
          </constructor-arg>
         <constructor-arg index="1" >
           <map>
            <entry >
                <key>
                    <value >"sss"</value>
                </key>
                <value >111</value>
            </entry>
               <entry key="jjj" ><value>111</value></entry>
           </map>
         </constructor-arg>
        <!--
       数组为 <array>
            <value>抽烟</value>
            <value>喝酒</value>
            <value>烫头</value>
        </array>-->

     </bean>
    <!-- 加载其他配置文件 -->

     <import resource="ApplicationContext1.xml"/>
    <!-- 加载db.properties 文件-->
    <context:property-placeholder location="classpath:db.properties"/>
    <!-- 扫描其他类中的注解 -->
    <context:component-scan base-package="com.hu.Spring.domain">
<!--        <context:exclude-filter type="annotation" expression="com.hu.Spring.domain."/>    -->
    </context:component-scan>

<!--目标对象-->
    <bean class="com.hu.Spring.Aop.Target" id="target"></bean>
<!--    切面对象-->
    <bean class="com.hu.Spring.Aop.MyAspect" id="aspect"/>

<!--    配置织入-->
    <aop:config>

        <aop:aspect ref="aspect">
            <!--切点抽取-->
            <aop:pointcut id="p" expression="execution(void com.hu.Spring.Aop.Target.a())"/>
        <!--声明切面-->
            <aop:before method="befor" pointcut="execution( void com.hu.Spring.Aop.Target.a())"/>
                                                           <!-- [修饰符] 返回值 包名。类名。方法名(参数)
                                                           返回值 包名。类名。方法名 可以 * 代替 代表任意

                                                            包名与类名之间  . 为当前包下的类  .. 为当前及其子包
                                                            参数列表 可用  .. 表示任意个数 ，任意类型的参数列表
                                                            * *..*.*(..)
                                                           -->
            <!--通知 + 切点 -->
            <aop:after-returning method="after" pointcut="execution(* com.hu.Spring.Aop.Target.*(..))"/>
            <aop:around method="arround" pointcut-ref="p"/>
            <aop:after-throwing method="afterThrowing" pointcut="execution(* com.hu.Spring.Aop.Target.*(..))"/>
        </aop:aspect>
    </aop:config>
</beans>